10,m,delta,dM,ARB-VC,T,k,Greedy-VC,T,k,IPL-VC,T,k,LP-VC,T,k,Kernel-VC,T,k,MonHeur-VC,T,k
0.3,20,6,2,6,0,6,7,0,-1,6,0,-1,9,0,-1,6,0,6,6,0.06,-1
0.4,22,7,2.2,6,0,6,7,0,-1,6,0,-1,9,0,-1,6,0,6,6,0.06,-1
0.5,21,6,2.1,6,0,6,7,0,-1,6,0.01,-1,9,0,-1,6,0,6,6,0.05,-1
0.23,11,4,1.1,5,0,5,5,0,-1,5,0,-1,6,0,-1,5,0,5,5,0.04,-1
0.316,14,5,1.4,5,0,5,5,0,-1,5,0,-1,9,0,-1,5,0,5,5,0.05,-1
0.1,5,3,0.5,3,0,3,4,0,-1,3,0,-1,3,0,-1,3,0,3,3,0.03,-1
0.2,10,4,1,5,0,5,5,0,-1,5,0,-1,9,0,-1,5,0,5,5,0.04,-1

20,m,delta,dM,ARB-VC,T,k,Greedy-VC,T,k,IPL-VC,T,k,LP-VC,T,k,Kernel-VC,T,k,MonHeur-VC,T,k
0.15,28,5,1.4,9,0,9,12,0,-1,9,0,-1,9,0,-1,9,0,9,10,0.1,-1
0.2,42,7,2.1,11,0.02,11,14,0,-1,11,0,-1,20,0,-1,11,0.01,11,12,0.12,-1
0.25,56,10,2.8,12,0.04,12,14,0,-1,12,0,-1,20,0,-1,12,0.01,12,12,0.14,-1
0.15,28,5,1.4,9,0,9,12,0,-1,9,0.01,-1,9,0,-1,9,0,9,10,0.09,-1
0.224,49,8,2.45,11,0.03,11,14,0,-1,11,0.01,-1,20,0,-1,11,0,11,12,0.13,-1
0.1,20,5,1,7,0,7,10,0,-1,7,0.01,-1,7,0,-1,7,0,7,8,0.08,-1
0.2,35,6,1.75,10,0.01,10,12,0,-1,10,0,-1,10,0,-1,10,0,10,10,0.11,-1

30,m,delta,dM,ARB-VC,T,k,Greedy-VC,T,k,IPL-VC,T,k,LP-VC,T,k,Kernel-VC,T,k,MonHeur-VC,T,k
0.1,49,7,1.63,13,0.07,13,16,0,-1,13,0,-1,13,0,-1,13,0,13,13,0.17,-1
0.133,58,9,1.93,13,0.12,13,18,0,-1,13,0.01,-1,13,0,-1,13,0,13,13,0.18,-1
0.167,66,9,2.2,15,0.23,15,19,0,-1,15,0,-1,23,0,-1,15,0.01,15,15,0.2,-1
0.113,31,6,1.03,14,0.1,14,16,0,-1,14,0,-1,22,0,-1,14,0,14,15,0.13,-1
0.183,66,8,2.2,17,1.68,17,19,0,-1,17,0,-1,30,0,-1,17,0.02,17,18,0.2,-1
0.1,48,7,1.6,15,0.18,15,17,0,-1,15,0,-1,28,0.01,-1,15,0,15,16,0.16,-1
0.2,91,10,3.03,21,3,21,21,0,-1,19,0,-1,30,0,-1,19,0.02,19,19,0.25,-1

40,m,delta,dM,ARB-VC,T,k,Greedy-VC,T,k,IPL-VC,T,k,LP-VC,T,k,Kernel-VC,T,k,MonHeur-VC,T,k
0.075,60,7,1.5,21,3,21,21,0,-1,20,0,-1,32,0,-1,20,0.01,20,20,0.23,-1
0.1,79,8,1.98,25,3,25,25,0,-1,20,0,-1,35,0,-1,20,0,20,23,0.28,-1
0.125,95,10,2.38,26,3,26,26,0,-1,23,0,-1,39,0,-1,23,0.03,23,24,0.3,-1
0.0922,61,6,1.52,23,3,23,23,0,-1,21,0,-1,34,0,-1,21,0,21,22,0.24,-1
0.158,130,11,3.25,27,3,27,27,0,-1,26,0.01,-1,40,0,-1,26,0.07,26,26,0.37,-1
0.1,81,9,2.03,21,3,21,25,0,-1,20,0,-1,35,0,-1,20,0.01,20,21,0.27,-1
0.2,176,18,4.4,40,3,-1,30,0,-1,27,0.04,-1,40,0,-1,27,0.16,27,28,0.43,-1

50,m,delta,dM,ARB-VC,T,k,Greedy-VC,T,k,IPL-VC,T,k,LP-VC,T,k,Kernel-VC,T,k,MonHeur-VC,T,k
0.06,70,6,1.4,50,3,-1,27,0,-1,25,0,-1,41,0,-1,25,0.02,25,26,0.3,-1
0.08,96,8,1.92,50,3,-1,29,0,-1,27,0,-1,48,0,-1,27,0.02,27,27,0.36,-1
0.1,114,9,2.28,50,3,-1,32,0,-1,27,0,-1,48,0.01,-1,27,0.03,27,30,0.38,-1
0.0782,88,8,1.76,50,3,-1,29,0,-1,25,0.01,-1,45,0,-1,25,0.01,25,28,0.34,-1
0.141,167,11,3.34,50,3,-1,35,0,-1,31,0.05,-1,50,0,-1,31,0.12,31,33,0.47,-1
0.1,134,11,2.68,50,3,-1,35,0.01,-1,31,0.02,-1,50,0.01,-1,31,0.1,31,32,0.43,-1
0.2,231,15,4.62,50,3,-1,38,0,-1,35,0.15,-1,50,0.01,-1,35,0.62,35,35,0.57,-1

60,m,delta,dM,ARB-VC,T,k,Greedy-VC,T,k,IPL-VC,T,k,LP-VC,T,k,Kernel-VC,T,k,MonHeur-VC,T,k
0.05,80,7,1.33,60,3,-1,31,0,-1,28,0.01,-1,36,0,-1,28,0.01,28,29,0.36,-1
0.0667,110,9,1.83,60,3,-1,33,0,-1,31,0,-1,58,0.01,-1,31,0.02,31,32,0.42,-1
0.0833,147,10,2.45,60,3,-1,39,0.01,-1,35,0.04,-1,59,0.01,-1,35,0.18,35,37,0.5,-1
0.0682,126,8,2.1,60,3,-1,37,0,-1,33,0.02,-1,59,0,-1,33,0.08,33,35,0.46,-1
0.129,227,17,3.78,60,3,-1,41,0,-1,39,0.16,-1,60,0.01,-1,39,0.49,39,40,0.64,-1
0.1,187,12,3.12,60,3,-1,44,0,-1,37,0.08,-1,59,0.01,-1,37,0.56,37,42,0.58,-1
0.2,371,23,6.18,60,3,-1,49,0,-1,45,0.73,-1,60,0.02,-1,45,3,45,46,0.84,-1

70,m,delta,dM,ARB-VC,T,k,Greedy-VC,T,k,IPL-VC,T,k,LP-VC,T,k,Kernel-VC,T,k,MonHeur-VC,T,k
0.0429,104,9,1.49,70,3,-1,38,0,-1,32,0.01,-1,42,0,-1,32,0.01,32,36,0.49,-1
0.0571,129,9,1.84,70,3,-1,41,0,-1,35,0.01,-1,60,0,-1,35,0.02,35,39,0.54,-1
0.0714,178,10,2.54,70,3,-1,46,0,-1,42,0.1,-1,70,0,-1,42,0.77,42,45,0.63,-1
0.0607,141,12,2.01,70,3,-1,42,0,-1,35,0.01,-1,62,0.01,-1,35,0.02,35,39,0.56,-1
0.12,282,12,4.03,70,3,-1,51,0,-1,46,0.39,-1,70,0.01,-1,46,1.96,46,50,0.82,-1
0.1,219,12,3.13,70,3,-1,48,0,-1,44,0.29,-1,70,0.01,-1,44,1.48,44,46,0.71,-1
0.2,491,23,7.01,70,3,-1,59,0,-1,54,3,-1,70,0.02,-1,70,3,-1,56,1.1,-1

80,m,delta,dM,ARB-VC,T,k,Greedy-VC,T,k,IPL-VC,T,k,LP-VC,T,k,Kernel-VC,T,k,MonHeur-VC,T,k
0.0375,111,7,1.39,80,3,-1,43,0,-1,34,0,-1,34,0,-1,34,0.01,34,40,0.56,-1
0.05,150,10,1.88,80,3,-1,49,0,-1,40,0.01,-1,65,0,-1,40,0.03,40,46,0.65,-1
0.0625,191,12,2.39,80,3,-1,51,0,-1,44,0.04,-1,78,0,-1,44,0.2,44,49,0.72,-1
0.0548,194,10,2.42,80,3,-1,51,0,-1,47,0.2,-1,79,0.01,-1,47,1.13,47,49,0.72,-1
0.112,324,17,4.05,80,3,-1,59,0,-1,54,2.64,-1,80,0.01,-1,59,3,59,56,0.96,-1
0.1,292,12,3.65,80,3,-1,55,0,-1,53,1.58,-1,80,0.02,-1,55,3,55,55,0.97,-1
0.2,630,28,7.88,80,3,-1,66,0,-1,80,3,-1,80,0.03,-1,80,3,-1,64,1.47,-1

90,m,delta,dM,ARB-VC,T,k,Greedy-VC,T,k,IPL-VC,T,k,LP-VC,T,k,Kernel-VC,T,k,MonHeur-VC,T,k
0.0333,134,7,1.49,90,3,-1,45,0,-1,42,0.01,-1,61,0,-1,42,0.02,42,44,0.69,-1
0.0444,177,8,1.97,90,3,-1,51,0,-1,49,0.14,-1,82,0,-1,49,0.28,49,51,0.81,-1
0.0556,210,11,2.33,90,3,-1,60,0,-1,51,0.21,-1,88,0.01,-1,51,0.37,51,57,0.87,-1
0.05,206,9,2.29,90,3,-1,55,0,-1,50,0.17,-1,88,0,-1,50,0.4,50,53,0.87,-1
0.105,404,16,4.49,90,3,-1,67,0.01,-1,61,2.78,-1,90,0.02,-1,90,3,-1,65,1.23,-1
0.1,396,17,4.4,90,3,-1,69,0,-1,61,2.84,-1,90,0.01,-1,90,3,-1,65,1.16,-1
0.2,806,26,8.96,90,3,-1,76,0,-1,90,3,-1,90,0.05,-1,90,3,-1,74,1.82,-1

100,m,delta,dM,ARB-VC,T,k,Greedy-VC,T,k,IPL-VC,T,k,LP-VC,T,k,Kernel-VC,T,k,MonHeur-VC,T,k
0.03,158,8,1.58,100,3,-1,52,0,-1,47,0.01,-1,68,0,-1,47,0.03,47,50,0.81,-1
0.04,219,9,2.19,100,3,-1,61,0,-1,54,0.24,-1,95,0,-1,54,0.54,54,58,1,-1
0.05,257,11,2.57,100,3,-1,66,0,-1,57,0.23,-1,97,0,-1,57,0.63,57,63,1.01,-1
0.0461,201,11,2.01,100,3,-1,60,0,-1,52,0.01,-1,94,0.01,-1,52,0.07,52,58,0.95,-1
0.1,494,17,4.94,100,3,-1,81,0,-1,70,2.76,-1,100,0.03,-1,100,3,-1,73,1.46,-1
0.1,477,22,4.77,100,3,-1,73,0,-1,70,2.86,-1,100,0.02,-1,100,3,-1,72,1.47,-1
0.2,992,30,9.92,100,3,-1,86,0,-1,100,3,-1,100,0.07,-1,100,3,-1,83,2.16,-1

100,m,delta,dM,ARB-VC,T,k,Greedy-VC,T,k,IPL-VC,T,k,LP-VC,T,k,Kernel-VC,T,k,MonHeur-VC,T,k
0.03,150,8,1.5,100,3,-1,58,0,-1,48,0,-1,81,0.01,-1,48,0.02,48,55,0.79,-1
0.04,210,10,2.1,100,3,-1,64,0,-1,54,0.06,-1,95,0,-1,54,0.31,54,60,0.92,-1
0.05,261,10,2.61,100,3,-1,65,0,-1,57,0.3,-1,96,0,-1,57,0.59,57,63,1.03,-1
0.0461,243,11,2.43,100,3,-1,61,0,-1,56,0.1,-1,100,0.01,-1,56,0.35,56,60,0.98,-1
0.1,472,17,4.72,100,3,-1,76,0,-1,68,3,-1,100,0.03,-1,100,3,-1,73,1.36,-1
0.1,491,17,4.91,100,3,-1,80,0,-1,72,3,-1,100,0.02,-1,100,3,-1,75,1.39,-1
0.2,1004,31,10,100,3,-1,85,0,-1,100,3,-1,100,0.08,-1,100,3,-1,82,2.15,-1

120,m,delta,dM,ARB-VC,T,k,Greedy-VC,T,k,IPL-VC,T,k,LP-VC,T,k,Kernel-VC,T,k,MonHeur-VC,T,k
0.025,158,10,1.32,120,3,-1,62,0,-1,55,0,-1,59,0.01,-1,55,0.03,55,60,0.99,-1
0.0333,236,9,1.97,120,3,-1,75,0,-1,64,0.09,-1,113,0.01,-1,64,0.34,64,72,1.15,-1
0.0417,254,10,2.12,120,3,-1,74,0,-1,65,0.18,-1,116,0.01,-1,65,0.4,65,71,1.19,-1
0.0399,295,11,2.46,120,3,-1,79,0,-1,69,1.41,-1,118,0.01,-1,69,3,69,77,1.27,-1
0.0913,687,20,5.72,120,3,-1,96,0,-1,120,3,-1,120,0.04,-1,120,3,-1,92,1.93,-1
0.1,734,21,6.12,120,3,-1,92,0.01,-1,120,3,-1,120,0.04,-1,120,3,-1,90,2.01,-1
0.2,1431,37,11.9,120,3,-1,105,0,-1,120,3,-1,120,0.14,-1,120,3,-1,103,3,-1

140,m,delta,dM,ARB-VC,T,k,Greedy-VC,T,k,IPL-VC,T,k,LP-VC,T,k,Kernel-VC,T,k,MonHeur-VC,T,k
0.0214,208,9,1.49,140,3,-1,74,0.01,-1,65,0.01,-1,109,0,-1,65,0.05,65,71,1.31,-1
0.0286,259,9,1.85,140,3,-1,78,0,-1,67,0.01,-1,84,0.01,-1,67,0.07,67,76,1.43,-1
0.0357,354,14,2.53,140,3,-1,90,0,-1,78,0.5,-1,136,0.01,-1,78,2.81,78,86,1.61,-1
0.0353,320,10,2.29,140,3,-1,84,0.01,-1,76,0.42,-1,132,0.01,-1,140,3,-1,82,1.55,-1
0.0845,847,21,6.05,140,3,-1,113,0,-1,140,3,-1,140,0.07,-1,140,3,-1,108,2.42,-1
0.1,942,22,6.73,140,3,-1,112,0,-1,140,3,-1,140,0.08,-1,140,3,-1,108,2.58,-1
0.2,2009,41,14.4,140,3,-1,125,0.01,-1,140,3,-1,140,0.25,-1,140,3,-1,140,3,-1

160,m,delta,dM,ARB-VC,T,k,Greedy-VC,T,k,IPL-VC,T,k,LP-VC,T,k,Kernel-VC,T,k,MonHeur-VC,T,k
0.0187,225,9,1.41,160,3,-1,80,0,-1,72,0.01,-1,72,0,-1,72,0.05,72,79,1.58,-1
0.025,306,11,1.91,160,3,-1,96,0,-1,81,0.12,-1,143,0.01,-1,81,0.64,81,93,1.75,-1
0.0312,397,12,2.48,160,3,-1,102,0.01,-1,90,3,-1,156,0.02,-1,102,3,102,99,1.93,-1
0.0317,376,10,2.35,160,3,-1,101,0,-1,90,3,-1,154,0.01,-1,160,3,-1,98,1.9,-1
0.0791,1026,26,6.41,160,3,-1,127,0,-1,160,3,-1,160,0.09,-1,160,3,-1,124,3,-1
0.1,1251,26,7.82,160,3,-1,132,0,-1,160,3,-1,160,0.11,-1,160,3,-1,129,3,-1
0.2,2579,44,16.1,160,3,-1,145,0.01,-1,160,3,-1,160,0.45,-1,160,3,-1,160,3,-1

180,m,delta,dM,ARB-VC,T,k,Greedy-VC,T,k,IPL-VC,T,k,LP-VC,T,k,Kernel-VC,T,k,MonHeur-VC,T,k
0.0167,288,10,1.6,180,3,-1,101,0.01,-1,88,0.04,-1,147,0.01,-1,88,0.15,88,98,1.97,-1
0.0222,362,11,2.01,180,3,-1,106,0.01,-1,94,0.88,-1,167,0.01,-1,94,3,95,105,2.13,-1
0.0278,452,11,2.51,180,3,-1,115,0,-1,180,3,-1,179,0.03,-1,180,3,-1,113,2.31,-1
0.0288,457,12,2.54,180,3,-1,110,0,-1,180,3,-1,174,0.02,-1,180,3,-1,106,2.31,-1
0.0745,1278,23,7.1,180,3,-1,142,0,-1,180,3,-1,180,0.17,-1,180,3,-1,180,3,-1
0.1,1675,28,9.31,180,3,-1,153,0,-1,180,3,-1,180,0.19,-1,180,3,-1,180,3,-1
0.2,3278,52,18.2,180,3,-1,162,0.01,-1,180,3,-1,180,0.72,-1,180,3,-1,180,3,-1

200,m,delta,dM,ARB-VC,T,k,Greedy-VC,T,k,IPL-VC,T,k,LP-VC,T,k,Kernel-VC,T,k,MonHeur-VC,T,k
0.015,287,8,1.43,200,3,-1,102,0.01,-1,94,0.12,-1,148,0.01,-1,94,0.13,94,101,2.27,-1
0.02,410,10,2.05,200,3,-1,129,0,-1,106,1.71,-1,187,0.01,-1,200,3,-1,123,2.52,-1
0.025,510,12,2.55,200,3,-1,133,0,-1,200,3,-1,197,0.03,-1,200,3,-1,128,2.74,-1
0.0265,557,12,2.79,200,3,-1,132,0,-1,200,3,-1,196,0.03,-1,200,3,-1,130,2.82,-1
0.0707,1377,24,6.89,200,3,-1,165,0,-1,200,3,-1,200,0.18,-1,200,3,-1,200,3,-1
0.1,1969,31,9.85,200,3,-1,172,0.01,-1,200,3,-1,200,0.27,-1,200,3,-1,200,3,-1
0.2,3932,52,19.7,200,3,-1,184,0,-1,200,3,-1,200,0.96,-1,200,3,-1,200,3,-1

220,m,delta,dM,ARB-VC,T,k,Greedy-VC,T,k,IPL-VC,T,k,LP-VC,T,k,Kernel-VC,T,k,MonHeur-VC,T,k
0.0136,323,9,1.47,220,3,-1,118,0,-1,102,0.02,-1,143,0.01,-1,102,0.13,102,115,2.69,-1
0.0182,408,10,1.85,220,3,-1,127,0,-1,112,0.14,-1,189,0.02,-1,220,3,-1,125,2.87,-1
0.0227,550,12,2.5,220,3,-1,141,0,-1,220,3,-1,214,0.03,-1,220,3,-1,137,3,-1
0.0245,556,12,2.53,220,3,-1,135,0,-1,220,3,-1,217,0.03,-1,220,3,-1,132,3,-1
0.0674,1610,27,7.32,220,3,-1,178,0,-1,220,3,-1,220,0.25,-1,220,3,-1,220,3,-1
0.1,2382,36,10.8,220,3,-1,189,0.01,-1,220,3,-1,220,0.38,-1,220,3,-1,220,3,-1
0.2,4800,63,21.8,220,3,-1,203,0.01,-1,220,3,-1,220,1.57,-1,220,3,-1,220,3,-1

240,m,delta,dM,ARB-VC,T,k,Greedy-VC,T,k,IPL-VC,T,k,LP-VC,T,k,Kernel-VC,T,k,MonHeur-VC,T,k
0.0125,363,8,1.51,240,3,-1,125,0,-1,112,0.03,-1,183,0.01,-1,112,0.16,112,122,3,-1
0.0167,487,10,2.03,240,3,-1,148,0,-1,126,3,-1,214,0.02,-1,240,3,-1,143,3,-1
0.0208,576,12,2.4,240,3,-1,149,0,-1,240,3,-1,232,0.04,-1,240,3,-1,240,3,-1
0.0228,629,12,2.62,240,3,-1,150,0,-1,240,3,-1,236,0.04,-1,240,3,-1,240,3,-1
0.0645,1822,27,7.59,240,3,-1,196,0.01,-1,240,3,-1,240,0.28,-1,240,3,-1,240,3,-1
0.1,2839,41,11.8,240,3,-1,210,0.01,-1,240,3,-1,240,0.54,-1,240,3,-1,240,3,-1
0.2,5693,66,23.7,240,3,-1,221,0.02,-1,240,3,-1,240,2.45,-1,240,3,-1,240,3,-1

260,m,delta,dM,ARB-VC,T,k,Greedy-VC,T,k,IPL-VC,T,k,LP-VC,T,k,Kernel-VC,T,k,MonHeur-VC,T,k
0.0115,330,9,1.27,260,3,-1,133,0,-1,116,0.02,-1,136,0,-1,116,0.14,116,260,3,-1
0.0154,521,11,2,260,3,-1,154,0.01,-1,260,3,-1,242,0.03,-1,260,3,-1,260,3,-1
0.0192,649,12,2.5,260,3,-1,166,0,-1,260,3,-1,255,0.05,-1,260,3,-1,260,3,-1
0.0214,726,13,2.79,260,3,-1,173,0.01,-1,260,3,-1,257,0.06,-1,260,3,-1,260,3,-1
0.062,2028,25,7.8,260,3,-1,213,0.01,-1,260,3,-1,260,0.31,-1,260,3,-1,260,3,-1
0.1,3303,39,12.7,260,3,-1,229,0,-1,260,3,-1,260,0.83,-1,260,3,-1,260,3,-1
0.2,6629,67,25.5,260,3,-1,240,0.02,-1,260,3,-1,260,2.77,-1,260,3,-1,260,3,-1

280,m,delta,dM,ARB-VC,T,k,Greedy-VC,T,k,IPL-VC,T,k,LP-VC,T,k,Kernel-VC,T,k,MonHeur-VC,T,k
0.0107,403,7,1.44,280,3,-1,140,0.01,-1,127,0.05,-1,200,0.02,-1,127,0.14,127,280,3,-1
0.0143,543,9,1.94,280,3,-1,156,0.01,-1,280,3,-1,254,0.02,-1,280,3,-1,280,3,-1
0.0179,672,12,2.4,280,3,-1,179,0,-1,280,3,-1,272,0.05,-1,280,3,-1,280,3,-1
0.0201,754,12,2.69,280,3,-1,182,0.01,-1,280,3,-1,273,0.07,-1,280,3,-1,280,3,-1
0.0598,2288,29,8.17,280,3,-1,233,0.01,-1,280,3,-1,280,0.43,-1,280,3,-1,280,3,-1
0.1,3878,44,13.9,280,3,-1,243,0.01,-1,280,3,-1,280,1.12,-1,280,3,-1,280,3,-1
0.2,7678,75,27.4,280,3,-1,262,0.02,-1,280,3,-1,223,3,-1,280,3,-1,280,3,-1

300,m,delta,dM,ARB-VC,T,k,Greedy-VC,T,k,IPL-VC,T,k,LP-VC,T,k,Kernel-VC,T,k,MonHeur-VC,T,k
0.01,435,9,1.45,300,3,-1,156,0.01,-1,135,0.05,-1,173,0.02,-1,135,0.17,135,300,3,-1
0.0133,576,11,1.92,300,3,-1,174,0,-1,300,3,-1,269,0.03,-1,300,3,-1,300,3,-1
0.0167,728,12,2.43,300,3,-1,192,0,-1,300,3,-1,291,0.06,-1,300,3,-1,300,3,-1
0.019,838,13,2.79,300,3,-1,200,0.01,-1,300,3,-1,294,0.08,-1,300,3,-1,300,3,-1
0.0577,2658,31,8.86,300,3,-1,254,0.01,-1,300,3,-1,300,0.49,-1,300,3,-1,300,3,-1
0.1,4500,46,15,300,3,-1,267,0.01,-1,300,3,-1,300,1.56,-1,300,3,-1,300,3,-1
0.2,9123,86,30.4,300,3,-1,280,0.02,-1,300,3,-1,300,3,-1,300,3,-1,300,3,-1

320,m,delta,dM,ARB-VC,T,k,Greedy-VC,T,k,IPL-VC,T,k,LP-VC,T,k,Kernel-VC,T,k,MonHeur-VC,T,k
0.00937,479,11,1.5,320,3,-1,172,0,-1,150,0.04,-1,190,0.02,-1,150,0.28,150,320,3,-1
0.0125,655,10,2.05,320,3,-1,196,0,-1,320,3,-1,296,0.05,-1,320,3,-1,320,3,-1
0.0156,805,11,2.52,320,3,-1,205,0,-1,320,3,-1,312,0.08,-1,320,3,-1,320,3,-1
0.018,912,12,2.85,320,3,-1,212,0,-1,320,3,-1,318,0.1,-1,320,3,-1,320,3,-1
0.0559,2764,29,8.64,320,3,-1,270,0.01,-1,320,3,-1,320,0.55,-1,320,3,-1,320,3,-1
0.1,5009,46,15.7,320,3,-1,284,0.02,-1,320,3,-1,320,1.61,-1,320,3,-1,320,3,-1
0.2,10117,85,31.6,320,3,-1,300,0.02,-1,320,3,-1,320,3,-1,320,3,-1,320,3,-1

340,m,delta,dM,ARB-VC,T,k,Greedy-VC,T,k,IPL-VC,T,k,LP-VC,T,k,Kernel-VC,T,k,MonHeur-VC,T,k
0.00882,478,9,1.41,340,3,-1,175,0,-1,154,0.03,-1,168,0.02,-1,154,0.24,154,340,3,-1
0.0118,658,10,1.94,340,3,-1,194,0,-1,340,3,-1,305,0.05,-1,340,3,-1,340,3,-1
0.0147,835,12,2.46,340,3,-1,208,0.01,-1,340,3,-1,327,0.07,-1,340,3,-1,340,3,-1
0.0171,1012,13,2.98,340,3,-1,228,0,-1,340,3,-1,339,0.12,-1,340,3,-1,340,3,-1
0.0542,3118,31,9.17,340,3,-1,285,0.01,-1,340,3,-1,340,0.76,-1,340,3,-1,340,3,-1
0.1,5808,50,17.1,340,3,-1,303,0.01,-1,340,3,-1,340,2.23,-1,340,3,-1,340,3,-1
0.2,11698,91,34.4,340,3,-1,320,0.03,-1,340,3,-1,340,3,-1,340,3,-1,340,3,-1

360,m,delta,dM,ARB-VC,T,k,Greedy-VC,T,k,IPL-VC,T,k,LP-VC,T,k,Kernel-VC,T,k,MonHeur-VC,T,k
0.00833,518,8,1.44,360,3,-1,190,0,-1,172,0.28,-1,262,0.02,-1,172,0.45,172,360,3,-1
0.0111,719,11,2,360,3,-1,219,0.01,-1,360,3,-1,324,0.05,-1,360,3,-1,360,3,-1
0.0139,879,11,2.44,360,3,-1,238,0.01,-1,360,3,-1,352,0.07,-1,360,3,-1,360,3,-1
0.0164,1039,12,2.89,360,3,-1,246,0.01,-1,360,3,-1,359,0.13,-1,360,3,-1,360,3,-1
0.0527,3379,31,9.39,360,3,-1,306,0.01,-1,360,3,-1,360,0.84,-1,360,3,-1,360,3,-1
0.1,6510,56,18.1,360,3,-1,325,0.02,-1,360,3,-1,360,3,-1,360,3,-1,360,3,-1
0.2,12790,94,35.5,360,3,-1,341,0.03,-1,360,3,-1,360,3,-1,360,3,-1,360,3,-1

380,m,delta,dM,ARB-VC,T,k,Greedy-VC,T,k,IPL-VC,T,k,LP-VC,T,k,Kernel-VC,T,k,MonHeur-VC,T,k
0.00789,591,9,1.56,380,3,-1,206,0.01,-1,179,0.17,-1,303,0.03,-1,179,0.6,179,380,3,-1
0.0105,764,10,2.01,380,3,-1,225,0.01,-1,380,3,-1,344,0.05,-1,380,3,-1,380,3,-1
0.0132,962,12,2.53,380,3,-1,245,0.01,-1,380,3,-1,370,0.11,-1,380,3,-1,380,3,-1
0.0156,1128,14,2.97,380,3,-1,257,0.01,-1,380,3,-1,373,0.13,-1,380,3,-1,380,3,-1
0.0513,3636,30,9.57,380,3,-1,329,0.01,-1,380,3,-1,380,1.09,-1,380,3,-1,380,3,-1
0.1,7357,55,19.4,380,3,-1,348,0.02,-1,380,3,-1,380,3,-1,380,3,-1,380,3,-1
0.2,14554,101,38.3,380,3,-1,357,0.04,-1,380,3,-1,380,3,-1,380,3,-1,380,3,-1

400,m,delta,dM,ARB-VC,T,k,Greedy-VC,T,k,IPL-VC,T,k,LP-VC,T,k,Kernel-VC,T,k,MonHeur-VC,T,k
0.0075,616,9,1.54,400,3,-1,216,0.01,-1,189,0.03,-1,279,0.03,-1,189,0.46,189,400,3,-1
0.01,760,12,1.9,400,3,-1,244,0.01,-1,400,3,-1,363,0.06,-1,400,3,-1,400,3,-1
0.0125,962,12,2.4,400,3,-1,263,0.01,-1,400,3,-1,389,0.11,-1,400,3,-1,400,3,-1
0.015,1150,12,2.88,400,3,-1,273,0.01,-1,400,3,-1,395,0.14,-1,400,3,-1,400,3,-1
0.05,4022,36,10.1,400,3,-1,345,0.01,-1,400,3,-1,400,1.33,-1,400,3,-1,400,3,-1
0.1,7911,61,19.8,400,3,-1,362,0.03,-1,400,3,-1,400,3,-1,400,3,-1,400,3,-1
0.2,15850,106,39.6,400,3,-1,379,0.03,-1,400,3,-1,400,3,-1,400,3,-1,400,3,-1

420,m,delta,dM,ARB-VC,T,k,Greedy-VC,T,k,IPL-VC,T,k,LP-VC,T,k,Kernel-VC,T,k,MonHeur-VC,T,k
0.00714,607,9,1.45,420,3,-1,221,0.01,-1,193,0.19,-1,296,0.04,-1,193,0.41,193,420,3,-1
0.00952,834,11,1.99,420,3,-1,260,0.01,-1,420,3,-1,386,0.07,-1,420,3,-1,420,3,-1
0.0119,1041,13,2.48,420,3,-1,279,0.01,-1,420,3,-1,415,0.12,-1,420,3,-1,420,3,-1
0.0144,1254,13,2.99,420,3,-1,286,0,-1,420,3,-1,416,0.17,-1,420,3,-1,420,3,-1
0.0488,4271,32,10.2,420,3,-1,353,0.02,-1,420,3,-1,420,1.43,-1,420,3,-1,420,3,-1
0.1,8881,61,21.1,420,3,-1,386,0.03,-1,420,3,-1,420,3,-1,420,3,-1,420,3,-1
0.2,17708,107,42.2,420,3,-1,401,0.04,-1,420,3,-1,420,3,-1,420,3,-1,420,3,-1

440,m,delta,dM,ARB-VC,T,k,Greedy-VC,T,k,IPL-VC,T,k,LP-VC,T,k,Kernel-VC,T,k,MonHeur-VC,T,k
0.00682,672,9,1.53,440,3,-1,241,0.01,-1,207,0.36,-1,337,0.04,-1,207,0.67,207,440,3,-1
0.00909,894,12,2.03,440,3,-1,267,0,-1,440,3,-1,411,0.08,-1,440,3,-1,440,3,-1
0.0114,1133,12,2.58,440,3,-1,291,0.01,-1,440,3,-1,430,0.15,-1,440,3,-1,440,3,-1
0.0138,1412,14,3.21,440,3,-1,310,0.01,-1,440,3,-1,436,0.2,-1,440,3,-1,440,3,-1
0.0477,4615,35,10.5,440,3,-1,375,0.02,-1,440,3,-1,440,1.71,-1,440,3,-1,440,3,-1
0.1,9554,64,21.7,440,3,-1,403,0.02,-1,440,3,-1,440,3,-1,440,3,-1,440,3,-1
0.2,19116,110,43.4,440,3,-1,421,0.04,-1,440,3,-1,440,3,-1,440,3,-1,440,3,-1

460,m,delta,dM,ARB-VC,T,k,Greedy-VC,T,k,IPL-VC,T,k,LP-VC,T,k,Kernel-VC,T,k,MonHeur-VC,T,k
0.00652,644,8,1.4,460,3,-1,246,0.01,-1,213,0.06,-1,297,0.03,-1,213,0.45,213,460,3,-1
0.0087,885,10,1.92,460,3,-1,277,0.01,-1,460,3,-1,420,0.08,-1,460,3,-1,460,3,-1
0.0109,1119,11,2.43,460,3,-1,299,0.01,-1,460,3,-1,452,0.14,-1,460,3,-1,460,3,-1
0.0133,1339,13,2.91,460,3,-1,309,0.01,-1,460,3,-1,456,0.2,-1,460,3,-1,460,3,-1
0.0466,4898,34,10.6,460,3,-1,393,0.02,-1,460,3,-1,460,1.96,-1,460,3,-1,460,3,-1
0.1,10552,71,22.9,460,3,-1,422,0.03,-1,460,3,-1,460,3,-1,460,3,-1,460,3,-1
0.2,21071,128,45.8,460,3,-1,440,0.05,-1,460,3,-1,460,3,-1,460,3,-1,460,3,-1

480,m,delta,dM,ARB-VC,T,k,Greedy-VC,T,k,IPL-VC,T,k,LP-VC,T,k,Kernel-VC,T,k,MonHeur-VC,T,k
0.00625,756,13,1.58,480,3,-1,259,0.02,-1,220,0.05,-1,235,0.04,-1,220,0.5,220,480,3,-1
0.00833,977,14,2.04,480,3,-1,281,0.02,-1,480,3,-1,439,0.09,-1,480,3,-1,480,3,-1
0.0104,1230,16,2.56,480,3,-1,304,0.02,-1,480,3,-1,469,0.15,-1,480,3,-1,480,3,-1
0.0129,1465,16,3.05,480,3,-1,323,0.02,-1,480,3,-1,477,0.24,-1,480,3,-1,480,3,-1
0.0456,5227,34,10.9,480,3,-1,404,0.03,-1,480,3,-1,480,2.39,-1,480,3,-1,480,3,-1
0.1,11461,74,23.9,480,3,-1,442,0.04,-1,480,3,-1,480,3,-1,480,3,-1,480,3,-1
0.2,23039,120,48,480,3,-1,460,0.04,-1,480,3,-1,480,3,-1,480,3,-1,480,3,-1

500,m,delta,dM,ARB-VC,T,k,Greedy-VC,T,k,IPL-VC,T,k,LP-VC,T,k,Kernel-VC,T,k,MonHeur-VC,T,k
0.006,735,10,1.47,500,3,-1,257,0.01,-1,233,0.11,-1,319,0.05,-1,233,0.73,233,500,3,-1
0.008,965,10,1.93,500,3,-1,294,0.01,-1,500,3,-1,437,0.1,-1,500,3,-1,500,3,-1
0.01,1221,14,2.44,500,3,-1,313,0.01,-1,500,3,-1,485,0.17,-1,500,3,-1,500,3,-1
0.0124,1567,15,3.13,500,3,-1,346,0.01,-1,500,3,-1,498,0.31,-1,500,3,-1,500,3,-1
0.0447,5583,40,11.2,500,3,-1,430,0.02,-1,500,3,-1,500,2.79,-1,500,3,-1,500,3,-1
0.1,12515,73,25,500,3,-1,462,0.04,-1,500,3,-1,500,3,-1,500,3,-1,500,3,-1
0.2,24791,131,49.6,500,3,-1,480,0.05,-1,500,3,-1,500,3,-1,500,3,-1,500,3,-1

500,m,delta,dM,ARB-VC,T,k,Greedy-VC,T,k,IPL-VC,T,k,LP-VC,T,k,Kernel-VC,T,k,MonHeur-VC,T,k
0.006,797,9,1.59,500,3,-1,271,0.01,-1,243,3,-1,404,0.06,-1,271,3,271,500,3,-1
0.008,1014,12,2.03,500,3,-1,302,0.01,-1,500,3,-1,472,0.1,-1,500,3,-1,500,3,-1
0.01,1246,13,2.49,500,3,-1,320,0.01,-1,500,3,-1,489,0.18,-1,500,3,-1,500,3,-1
0.0124,1447,12,2.89,500,3,-1,340,0.01,-1,500,3,-1,490,0.26,-1,500,3,-1,500,3,-1
0.0447,5519,41,11,500,3,-1,433,0.02,-1,500,3,-1,500,3,-1,500,3,-1,500,3,-1
0.1,12346,71,24.7,500,3,-1,466,0.04,-1,500,3,-1,500,3,-1,500,3,-1,500,3,-1
0.2,24844,132,49.7,500,3,-1,475,0.06,-1,500,3,-1,500,3,-1,500,3,-1,500,3,-1

550,m,delta,dM,ARB-VC,T,k,Greedy-VC,T,k,IPL-VC,T,k,LP-VC,T,k,Kernel-VC,T,k,MonHeur-VC,T,k
0.00545,858,11,1.56,550,3,-1,300,0.01,-1,550,3,-1,433,0.07,-1,550,3,-1,550,3,-1
0.00727,1144,13,2.08,550,3,-1,336,0.02,-1,550,3,-1,513,0.13,-1,550,3,-1,550,3,-1
0.00909,1398,14,2.54,550,3,-1,355,0.01,-1,550,3,-1,536,0.18,-1,550,3,-1,550,3,-1
0.0115,1729,16,3.14,550,3,-1,378,0.02,-1,550,3,-1,544,0.34,-1,550,3,-1,550,3,-1
0.0426,6436,41,11.7,550,3,-1,480,0.03,-1,550,3,-1,550,3,-1,550,3,-1,550,3,-1
0.1,15119,77,27.5,550,3,-1,511,0.04,-1,550,3,-1,550,3,-1,550,3,-1,550,3,-1
0.2,30111,139,54.7,550,3,-1,529,0.06,-1,550,3,-1,550,3,-1,550,3,-1,550,3,-1

600,m,delta,dM,ARB-VC,T,k,Greedy-VC,T,k,IPL-VC,T,k,LP-VC,T,k,Kernel-VC,T,k,MonHeur-VC,T,k
0.005,899,8,1.5,600,3,-1,324,0.02,-1,600,3,-1,457,0.07,-1,600,3,-1,600,3,-1
0.00667,1193,10,1.99,600,3,-1,355,0.02,-1,600,3,-1,546,0.13,-1,600,3,-1,600,3,-1
0.00833,1488,12,2.48,600,3,-1,382,0.02,-1,600,3,-1,587,0.26,-1,600,3,-1,600,3,-1
0.0107,1902,14,3.17,600,3,-1,411,0.02,-1,600,3,-1,592,0.42,-1,600,3,-1,600,3,-1
0.0408,7402,41,12.3,600,3,-1,521,0.03,-1,600,3,-1,600,3,-1,600,3,-1,600,3,-1
0.1,18182,85,30.3,600,3,-1,561,0.05,-1,600,3,-1,600,3,-1,600,3,-1,600,3,-1
0.2,36152,153,60.3,600,3,-1,576,0.08,-1,600,3,-1,600,3,-1,600,3,-1,600,3,-1

650,m,delta,dM,ARB-VC,T,k,Greedy-VC,T,k,IPL-VC,T,k,LP-VC,T,k,Kernel-VC,T,k,MonHeur-VC,T,k
0.00462,971,12,1.49,650,3,-1,339,0.02,-1,650,3,-1,349,0.08,-1,650,3,-1,650,3,-1
0.00615,1311,12,2.02,650,3,-1,392,0.02,-1,650,3,-1,591,0.15,-1,650,3,-1,650,3,-1
0.00769,1638,14,2.52,650,3,-1,418,0.02,-1,650,3,-1,628,0.34,-1,650,3,-1,650,3,-1
0.00996,2131,16,3.28,650,3,-1,447,0.02,-1,650,3,-1,644,0.55,-1,650,3,-1,650,3,-1
0.0392,8170,43,12.6,650,3,-1,574,0.03,-1,650,3,-1,650,3,-1,650,3,-1,650,3,-1
0.1,20901,89,32.2,650,3,-1,609,0.05,-1,650,3,-1,650,3,-1,650,3,-1,650,3,-1
0.2,41876,161,64.4,650,3,-1,627,0.09,-1,650,3,-1,650,3,-1,650,3,-1,650,3,-1

700,m,delta,dM,ARB-VC,T,k,Greedy-VC,T,k,IPL-VC,T,k,LP-VC,T,k,Kernel-VC,T,k,MonHeur-VC,T,k
0.00429,1063,10,1.52,700,3,-1,384,0.02,-1,700,3,-1,325,0.09,-1,700,3,-1,700,3,-1
0.00571,1399,12,2,700,3,-1,421,0.02,-1,700,3,-1,653,0.2,-1,700,3,-1,700,3,-1
0.00714,1743,13,2.49,700,3,-1,448,0.02,-1,700,3,-1,679,0.36,-1,700,3,-1,700,3,-1
0.00936,2363,15,3.38,700,3,-1,479,0.02,-1,700,3,-1,696,0.65,-1,700,3,-1,700,3,-1
0.0378,9406,43,13.4,700,3,-1,611,0.04,-1,700,3,-1,700,3,-1,700,3,-1,700,3,-1
0.1,24628,94,35.2,700,3,-1,658,0.07,-1,700,3,-1,700,3,-1,700,3,-1,700,3,-1
0.2,48848,177,69.8,700,3,-1,675,0.11,-1,700,3,-1,700,3,-1,700,3,-1,700,3,-1

750,m,delta,dM,ARB-VC,T,k,Greedy-VC,T,k,IPL-VC,T,k,LP-VC,T,k,Kernel-VC,T,k,MonHeur-VC,T,k
0.004,1120,9,1.49,750,3,-1,400,0.03,-1,750,3,-1,578,0.11,-1,750,3,-1,750,3,-1
0.00533,1514,10,2.02,750,3,-1,439,0.02,-1,750,3,-1,687,0.24,-1,750,3,-1,750,3,-1
0.00667,1901,13,2.53,750,3,-1,479,0.02,-1,750,3,-1,721,0.47,-1,750,3,-1,750,3,-1
0.00883,2490,16,3.32,750,3,-1,526,0.03,-1,750,3,-1,750,0.74,-1,750,3,-1,750,3,-1
0.0365,10286,46,13.7,750,3,-1,660,0.05,-1,750,3,-1,750,3,-1,750,3,-1,750,3,-1
0.1,28240,102,37.7,750,3,-1,709,0.1,-1,750,3,-1,750,3,-1,750,3,-1,750,3,-1
0.2,56508,189,75.3,750,3,-1,729,0.15,-1,750,3,-1,750,3,-1,750,3,-1,750,3,-1

800,m,delta,dM,ARB-VC,T,k,Greedy-VC,T,k,IPL-VC,T,k,LP-VC,T,k,Kernel-VC,T,k,MonHeur-VC,T,k
0.00375,1225,10,1.53,800,3,-1,418,0.03,-1,800,3,-1,576,0.11,-1,800,3,-1,800,3,-1
0.005,1618,10,2.02,800,3,-1,482,0.03,-1,800,3,-1,734,0.28,-1,800,3,-1,800,3,-1
0.00625,1923,16,2.4,800,3,-1,512,0.03,-1,800,3,-1,775,0.4,-1,800,3,-1,800,3,-1
0.00836,2603,18,3.25,800,3,-1,560,0.03,-1,800,3,-1,798,0.81,-1,800,3,-1,800,3,-1
0.0354,11242,45,14.1,800,3,-1,707,0.05,-1,800,3,-1,800,3,-1,800,3,-1,800,3,-1
0.1,31959,108,39.9,800,3,-1,759,0.08,-1,800,3,-1,800,3,-1,800,3,-1,800,3,-1
0.2,64029,198,80,800,3,-1,777,0.14,-1,800,3,-1,800,3,-1,800,3,-1,800,3,-1

850,m,delta,dM,ARB-VC,T,k,Greedy-VC,T,k,IPL-VC,T,k,LP-VC,T,k,Kernel-VC,T,k,MonHeur-VC,T,k
0.00353,1291,10,1.52,850,3,-1,445,0.03,-1,850,3,-1,605,0.14,-1,850,3,-1,850,3,-1
0.00471,1721,11,2.02,850,3,-1,512,0.04,-1,850,3,-1,789,0.31,-1,850,3,-1,850,3,-1
0.00588,2165,13,2.55,850,3,-1,554,0.04,-1,850,3,-1,820,0.53,-1,850,3,-1,850,3,-1
0.00794,2868,16,3.37,850,3,-1,584,0.03,-1,850,3,-1,848,0.97,-1,850,3,-1,850,3,-1
0.0343,12371,49,14.6,850,3,-1,751,0.06,-1,850,3,-1,850,3,-1,850,3,-1,850,3,-1
0.1,36012,108,42.4,850,3,-1,806,0.1,-1,850,3,-1,850,3,-1,850,3,-1,850,3,-1
0.2,72082,203,84.8,850,3,-1,825,0.17,-1,850,3,-1,850,3,-1,850,3,-1,850,3,-1

900,m,delta,dM,ARB-VC,T,k,Greedy-VC,T,k,IPL-VC,T,k,LP-VC,T,k,Kernel-VC,T,k,MonHeur-VC,T,k
0.00333,1338,11,1.49,900,3,-1,491,0.03,-1,900,3,-1,466,0.14,-1,900,3,-1,900,3,-1
0.00444,1827,12,2.03,900,3,-1,535,0.03,-1,900,3,-1,828,0.35,-1,900,3,-1,900,3,-1
0.00556,2266,14,2.52,900,3,-1,574,0.04,-1,900,3,-1,879,0.66,-1,900,3,-1,900,3,-1
0.00756,3052,17,3.39,900,3,-1,622,0.04,-1,900,3,-1,897,1.11,-1,900,3,-1,900,3,-1
0.0333,13522,49,15,900,3,-1,798,0.06,-1,900,3,-1,900,3,-1,900,3,-1,900,3,-1
0.1,40533,123,45,900,3,-1,856,0.12,-1,900,3,-1,900,3,-1,900,3,-1,900,3,-1
0.2,80760,220,89.7,900,3,-1,876,0.19,-1,900,3,-1,900,3,-1,900,3,-1,900,3,-1

950,m,delta,dM,ARB-VC,T,k,Greedy-VC,T,k,IPL-VC,T,k,LP-VC,T,k,Kernel-VC,T,k,MonHeur-VC,T,k
0.00316,1421,10,1.5,950,3,-1,515,0.04,-1,950,3,-1,681,0.16,-1,950,3,-1,950,3,-1
0.00421,1883,11,1.98,950,3,-1,561,0.04,-1,950,3,-1,869,0.37,-1,950,3,-1,950,3,-1
0.00526,2362,12,2.49,950,3,-1,608,0.04,-1,950,3,-1,923,0.73,-1,950,3,-1,950,3,-1
0.00722,3238,17,3.41,950,3,-1,658,0.05,-1,950,3,-1,944,1.33,-1,950,3,-1,950,3,-1
0.0324,14585,49,15.4,950,3,-1,847,0.07,-1,950,3,-1,950,3,-1,950,3,-1,950,3,-1
0.1,45103,134,47.5,950,3,-1,905,0.12,-1,950,3,-1,950,3,-1,950,3,-1,950,3,-1
0.2,90497,230,95.3,950,3,-1,927,0.22,-1,950,3,-1,950,3,-1,950,3,-1,950,3,-1

1000,m,delta,dM,ARB-VC,T,k,Greedy-VC,T,k,IPL-VC,T,k,LP-VC,T,k,Kernel-VC,T,k,MonHeur-VC,T,k
0.003,1451,11,1.45,1000,3,-1,527,0.04,-1,1000,3,-1,708,0.18,-1,1000,3,-1,1000,3,-1
0.004,1957,13,1.96,1000,3,-1,588,0.05,-1,1000,3,-1,920,0.38,-1,1000,3,-1,1000,3,-1
0.005,2489,12,2.49,1000,3,-1,631,0.04,-1,1000,3,-1,970,0.72,-1,1000,3,-1,1000,3,-1
0.00691,3469,19,3.47,1000,3,-1,700,0.05,-1,1000,3,-1,990,1.48,-1,1000,3,-1,1000,3,-1
0.0316,15907,55,15.9,1000,3,-1,889,0.07,-1,1000,3,-1,1000,3,-1,1000,3,-1,1000,3,-1
0.1,50031,141,50,1000,3,-1,952,0.13,-1,1000,3,-1,1000,3,-1,1000,3,-1,1000,3,-1
0.2,100077,242,100,1000,3,-1,975,0.24,-1,1000,3,-1,1000,3,-1,1000,3,-1,1000,3,-1

